{
  "timestamp": "2025-06-08T13:48:37.875Z",
  "summary": {
    "totalApis": 1,
    "overallAvgResponseTime": 15.735833333339542,
    "overallSuccessRate": 100
  },
  "apiAnalysis": [
    {
      "api": "GET /api/emotions",
      "samples": 3,
      "avgResponseTime": 15.735833333339542,
      "maxResponseTime": 29.923399999999674,
      "minResponseTime": 6.995300000009593,
      "p95ResponseTime": 29.923399999999674,
      "p99ResponseTime": 29.923399999999674,
      "successRate": 100,
      "performanceAssessment": {
        "isAcceptable": true,
        "isGood": true,
        "requiresAttention": false
      }
    }
  ]
}