{
  "timestamp": "2025-03-21T06:30:37.979Z",
  "summary": {
    "totalApis": 1,
    "overallAvgResponseTime": 9.827133333329888,
    "overallSuccessRate": 100
  },
  "apiAnalysis": [
    {
      "api": "GET /api/emotions",
      "samples": 3,
      "avgResponseTime": 9.827133333329888,
      "maxResponseTime": 10.274700000009034,
      "minResponseTime": 9.551399999996647,
      "p95ResponseTime": 10.274700000009034,
      "p99ResponseTime": 10.274700000009034,
      "successRate": 100,
      "performanceAssessment": {
        "isAcceptable": true,
        "isGood": true,
        "requiresAttention": false
      }
    }
  ]
}