{
  "timestamp": "2025-03-24T14:10:58.730Z",
  "summary": {
    "totalApis": 1,
    "overallAvgResponseTime": 6.923266666669709,
    "overallSuccessRate": 100
  },
  "apiAnalysis": [
    {
      "api": "GET /api/emotions",
      "samples": 3,
      "avgResponseTime": 6.923266666669709,
      "maxResponseTime": 7.651299999997718,
      "minResponseTime": 6.497700000007171,
      "p95ResponseTime": 7.651299999997718,
      "p99ResponseTime": 7.651299999997718,
      "successRate": 100,
      "performanceAssessment": {
        "isAcceptable": true,
        "isGood": true,
        "requiresAttention": false
      }
    }
  ]
}