{
  "timestamp": "2025-03-20T11:51:09.756Z",
  "summary": {
    "totalApis": 1,
    "overallAvgResponseTime": 7.502100000000307,
    "overallSuccessRate": 100
  },
  "apiAnalysis": [
    {
      "api": "GET /api/emotions",
      "samples": 3,
      "avgResponseTime": 7.502100000000307,
      "maxResponseTime": 8.132799999999406,
      "minResponseTime": 6.533400000000256,
      "p95ResponseTime": 8.132799999999406,
      "p99ResponseTime": 8.132799999999406,
      "successRate": 100,
      "performanceAssessment": {
        "isAcceptable": true,
        "isGood": true,
        "requiresAttention": false
      }
    }
  ]
}