{
  "timestamp": "2025-06-08T09:49:28.398Z",
  "summary": {
    "totalApis": 1,
    "overallAvgResponseTime": 14.972199999989243,
    "overallSuccessRate": 100
  },
  "apiAnalysis": [
    {
      "api": "GET /api/emotions",
      "samples": 3,
      "avgResponseTime": 14.972199999989243,
      "maxResponseTime": 27.71909999998752,
      "minResponseTime": 7.5807999999960884,
      "p95ResponseTime": 27.71909999998752,
      "p99ResponseTime": 27.71909999998752,
      "successRate": 100,
      "performanceAssessment": {
        "isAcceptable": true,
        "isGood": true,
        "requiresAttention": false
      }
    }
  ]
}