{
  "timestamp": "2025-06-04T14:50:24.697Z",
  "summary": {
    "totalApis": 1,
    "overallAvgResponseTime": 15.782633333350532,
    "overallSuccessRate": 100
  },
  "apiAnalysis": [
    {
      "api": "GET /api/emotions",
      "samples": 3,
      "avgResponseTime": 15.782633333350532,
      "maxResponseTime": 27.526400000031572,
      "minResponseTime": 8.869100000010803,
      "p95ResponseTime": 27.526400000031572,
      "p99ResponseTime": 27.526400000031572,
      "successRate": 100,
      "performanceAssessment": {
        "isAcceptable": true,
        "isGood": true,
        "requiresAttention": false
      }
    }
  ]
}