{
  "timestamp": "2025-03-29T08:41:29.095Z",
  "summary": {
    "totalApis": 1,
    "overallAvgResponseTime": 22.681300000287592,
    "overallSuccessRate": 100
  },
  "apiAnalysis": [
    {
      "api": "GET /api/emotions",
      "samples": 3,
      "avgResponseTime": 22.681300000287592,
      "maxResponseTime": 41.25950000062585,
      "minResponseTime": 12.552299999631941,
      "p95ResponseTime": 41.25950000062585,
      "p99ResponseTime": 41.25950000062585,
      "successRate": 100,
      "performanceAssessment": {
        "isAcceptable": true,
        "isGood": true,
        "requiresAttention": false
      }
    }
  ]
}