{
  "timestamp": "2025-03-24T13:25:27.198Z",
  "summary": {
    "totalApis": 1,
    "overallAvgResponseTime": 7.893400000000838,
    "overallSuccessRate": 100
  },
  "apiAnalysis": [
    {
      "api": "GET /api/emotions",
      "samples": 3,
      "avgResponseTime": 7.893400000000838,
      "maxResponseTime": 8.813700000027893,
      "minResponseTime": 6.660499999998137,
      "p95ResponseTime": 8.813700000027893,
      "p99ResponseTime": 8.813700000027893,
      "successRate": 100,
      "performanceAssessment": {
        "isAcceptable": true,
        "isGood": true,
        "requiresAttention": false
      }
    }
  ]
}