{
  "timestamp": "2025-03-22T13:33:04.723Z",
  "summary": {
    "totalApis": 1,
    "overallAvgResponseTime": 8.253433333321786,
    "overallSuccessRate": 100
  },
  "apiAnalysis": [
    {
      "api": "GET /api/emotions",
      "samples": 3,
      "avgResponseTime": 8.253433333321786,
      "maxResponseTime": 9.482099999906495,
      "minResponseTime": 6.487900000065565,
      "p95ResponseTime": 9.482099999906495,
      "p99ResponseTime": 9.482099999906495,
      "successRate": 100,
      "performanceAssessment": {
        "isAcceptable": true,
        "isGood": true,
        "requiresAttention": false
      }
    }
  ]
}