{
  "timestamp": "2025-03-28T12:20:03.659Z",
  "summary": {
    "totalApis": 1,
    "overallAvgResponseTime": 16.186166666719753,
    "overallSuccessRate": 100
  },
  "apiAnalysis": [
    {
      "api": "GET /api/emotions",
      "samples": 3,
      "avgResponseTime": 16.186166666719753,
      "maxResponseTime": 24.221800000057556,
      "minResponseTime": 7.763400000054389,
      "p95ResponseTime": 24.221800000057556,
      "p99ResponseTime": 24.221800000057556,
      "successRate": 100,
      "performanceAssessment": {
        "isAcceptable": true,
        "isGood": true,
        "requiresAttention": false
      }
    }
  ]
}