{
  "timestamp": "2025-06-04T07:35:28.515Z",
  "summary": {
    "totalApis": 1,
    "overallAvgResponseTime": 15.699799999992441,
    "overallSuccessRate": 100
  },
  "apiAnalysis": [
    {
      "api": "GET /api/emotions",
      "samples": 3,
      "avgResponseTime": 15.699799999992441,
      "maxResponseTime": 28.623999999981606,
      "minResponseTime": 8.516600000002654,
      "p95ResponseTime": 28.623999999981606,
      "p99ResponseTime": 28.623999999981606,
      "successRate": 100,
      "performanceAssessment": {
        "isAcceptable": true,
        "isGood": true,
        "requiresAttention": false
      }
    }
  ]
}