{
  "timestamp": "2025-06-03T15:10:32.491Z",
  "summary": {
    "totalApis": 1,
    "overallAvgResponseTime": 13.578566666663392,
    "overallSuccessRate": 100
  },
  "apiAnalysis": [
    {
      "api": "GET /api/emotions",
      "samples": 3,
      "avgResponseTime": 13.578566666663392,
      "maxResponseTime": 25.84169999998994,
      "minResponseTime": 7.051199999987148,
      "p95ResponseTime": 25.84169999998994,
      "p99ResponseTime": 25.84169999998994,
      "successRate": 100,
      "performanceAssessment": {
        "isAcceptable": true,
        "isGood": true,
        "requiresAttention": false
      }
    }
  ]
}