{
  "timestamp": "2025-03-26T13:33:48.614Z",
  "summary": {
    "totalApis": 1,
    "overallAvgResponseTime": 13.287566666656252,
    "overallSuccessRate": 100
  },
  "apiAnalysis": [
    {
      "api": "GET /api/emotions",
      "samples": 3,
      "avgResponseTime": 13.287566666656252,
      "maxResponseTime": 24.133499999996275,
      "minResponseTime": 7.0785999999789055,
      "p95ResponseTime": 24.133499999996275,
      "p99ResponseTime": 24.133499999996275,
      "successRate": 100,
      "performanceAssessment": {
        "isAcceptable": true,
        "isGood": true,
        "requiresAttention": false
      }
    }
  ]
}