{
  "timestamp": "2025-03-31T02:08:35.594Z",
  "summary": {
    "totalApis": 1,
    "overallAvgResponseTime": 13.20606666667542,
    "overallSuccessRate": 100
  },
  "apiAnalysis": [
    {
      "api": "GET /api/emotions",
      "samples": 3,
      "avgResponseTime": 13.20606666667542,
      "maxResponseTime": 24.01500000001397,
      "minResponseTime": 6.953600000008009,
      "p95ResponseTime": 24.01500000001397,
      "p99ResponseTime": 24.01500000001397,
      "successRate": 100,
      "performanceAssessment": {
        "isAcceptable": true,
        "isGood": true,
        "requiresAttention": false
      }
    }
  ]
}