{
  "timestamp": "2025-03-22T13:39:07.447Z",
  "summary": {
    "totalApis": 1,
    "overallAvgResponseTime": 9.774300000009438,
    "overallSuccessRate": 100
  },
  "apiAnalysis": [
    {
      "api": "GET /api/emotions",
      "samples": 3,
      "avgResponseTime": 9.774300000009438,
      "maxResponseTime": 12.540700000012293,
      "minResponseTime": 7.401199999963865,
      "p95ResponseTime": 12.540700000012293,
      "p99ResponseTime": 12.540700000012293,
      "successRate": 100,
      "performanceAssessment": {
        "isAcceptable": true,
        "isGood": true,
        "requiresAttention": false
      }
    }
  ]
}