{
  "timestamp": "2025-03-28T13:03:17.471Z",
  "summary": {
    "totalApis": 1,
    "overallAvgResponseTime": 13.628799999996167,
    "overallSuccessRate": 100
  },
  "apiAnalysis": [
    {
      "api": "GET /api/emotions",
      "samples": 3,
      "avgResponseTime": 13.628799999996167,
      "maxResponseTime": 26.112899999978254,
      "minResponseTime": 7.085099999996601,
      "p95ResponseTime": 26.112899999978254,
      "p99ResponseTime": 26.112899999978254,
      "successRate": 100,
      "performanceAssessment": {
        "isAcceptable": true,
        "isGood": true,
        "requiresAttention": false
      }
    }
  ]
}