{
  "timestamp": "2025-03-21T03:19:38.923Z",
  "summary": {
    "totalApis": 1,
    "overallAvgResponseTime": 8.097299999993993,
    "overallSuccessRate": 100
  },
  "apiAnalysis": [
    {
      "api": "GET /api/emotions",
      "samples": 3,
      "avgResponseTime": 8.097299999993993,
      "maxResponseTime": 8.642300000006799,
      "minResponseTime": 7.116099999984726,
      "p95ResponseTime": 8.642300000006799,
      "p99ResponseTime": 8.642300000006799,
      "successRate": 100,
      "performanceAssessment": {
        "isAcceptable": true,
        "isGood": true,
        "requiresAttention": false
      }
    }
  ]
}