{
  "timestamp": "2025-03-25T15:24:37.339Z",
  "summary": {
    "totalApis": 1,
    "overallAvgResponseTime": 7.778466666660582,
    "overallSuccessRate": 100
  },
  "apiAnalysis": [
    {
      "api": "GET /api/emotions",
      "samples": 3,
      "avgResponseTime": 7.778466666660582,
      "maxResponseTime": 8.39999999999418,
      "minResponseTime": 6.832599999994272,
      "p95ResponseTime": 8.39999999999418,
      "p99ResponseTime": 8.39999999999418,
      "successRate": 100,
      "performanceAssessment": {
        "isAcceptable": true,
        "isGood": true,
        "requiresAttention": false
      }
    }
  ]
}