{
  "timestamp": "2025-03-21T05:20:15.006Z",
  "summary": {
    "totalApis": 1,
    "overallAvgResponseTime": 7.546133333351463,
    "overallSuccessRate": 100
  },
  "apiAnalysis": [
    {
      "api": "GET /api/emotions",
      "samples": 3,
      "avgResponseTime": 7.546133333351463,
      "maxResponseTime": 9.479700000025332,
      "minResponseTime": 6.541300000011688,
      "p95ResponseTime": 9.479700000025332,
      "p99ResponseTime": 9.479700000025332,
      "successRate": 100,
      "performanceAssessment": {
        "isAcceptable": true,
        "isGood": true,
        "requiresAttention": false
      }
    }
  ]
}