{
  "timestamp": "2025-06-08T13:54:57.867Z",
  "summary": {
    "totalApis": 1,
    "overallAvgResponseTime": 12.524600000004284,
    "overallSuccessRate": 100
  },
  "apiAnalysis": [
    {
      "api": "GET /api/emotions",
      "samples": 3,
      "avgResponseTime": 12.524600000004284,
      "maxResponseTime": 22.798600000009174,
      "minResponseTime": 7.229700000025332,
      "p95ResponseTime": 22.798600000009174,
      "p99ResponseTime": 22.798600000009174,
      "successRate": 100,
      "performanceAssessment": {
        "isAcceptable": true,
        "isGood": true,
        "requiresAttention": false
      }
    }
  ]
}