{
  "timestamp": "2025-03-26T06:31:06.551Z",
  "summary": {
    "totalApis": 1,
    "overallAvgResponseTime": 13.749166666665891,
    "overallSuccessRate": 100
  },
  "apiAnalysis": [
    {
      "api": "GET /api/emotions",
      "samples": 3,
      "avgResponseTime": 13.749166666665891,
      "maxResponseTime": 25.1252000000095,
      "minResponseTime": 7.368699999991804,
      "p95ResponseTime": 25.1252000000095,
      "p99ResponseTime": 25.1252000000095,
      "successRate": 100,
      "performanceAssessment": {
        "isAcceptable": true,
        "isGood": true,
        "requiresAttention": false
      }
    }
  ]
}