{
  "timestamp": "2025-03-20T14:06:00.598Z",
  "summary": {
    "totalApis": 1,
    "overallAvgResponseTime": 7.648133333331013,
    "overallSuccessRate": 100
  },
  "apiAnalysis": [
    {
      "api": "GET /api/emotions",
      "samples": 3,
      "avgResponseTime": 7.648133333331013,
      "maxResponseTime": 8.641299999988405,
      "minResponseTime": 6.237699999997858,
      "p95ResponseTime": 8.641299999988405,
      "p99ResponseTime": 8.641299999988405,
      "successRate": 100,
      "performanceAssessment": {
        "isAcceptable": true,
        "isGood": true,
        "requiresAttention": false
      }
    }
  ]
}