{
  "timestamp": "2025-06-06T14:24:14.202Z",
  "summary": {
    "totalApis": 1,
    "overallAvgResponseTime": 13.578833333323322,
    "overallSuccessRate": 100
  },
  "apiAnalysis": [
    {
      "api": "GET /api/emotions",
      "samples": 3,
      "avgResponseTime": 13.578833333323322,
      "maxResponseTime": 26.259499999985565,
      "minResponseTime": 7.121299999998882,
      "p95ResponseTime": 26.259499999985565,
      "p99ResponseTime": 26.259499999985565,
      "successRate": 100,
      "performanceAssessment": {
        "isAcceptable": true,
        "isGood": true,
        "requiresAttention": false
      }
    }
  ]
}