{
  "timestamp": "2025-03-28T12:52:01.139Z",
  "summary": {
    "totalApis": 1,
    "overallAvgResponseTime": 13.86553333332995,
    "overallSuccessRate": 100
  },
  "apiAnalysis": [
    {
      "api": "GET /api/emotions",
      "samples": 3,
      "avgResponseTime": 13.86553333332995,
      "maxResponseTime": 25.43630000000121,
      "minResponseTime": 7.079900000011548,
      "p95ResponseTime": 25.43630000000121,
      "p99ResponseTime": 25.43630000000121,
      "successRate": 100,
      "performanceAssessment": {
        "isAcceptable": true,
        "isGood": true,
        "requiresAttention": false
      }
    }
  ]
}