{
  "timestamp": "2025-03-26T13:05:50.638Z",
  "summary": {
    "totalApis": 1,
    "overallAvgResponseTime": 13.507266666662568,
    "overallSuccessRate": 100
  },
  "apiAnalysis": [
    {
      "api": "GET /api/emotions",
      "samples": 3,
      "avgResponseTime": 13.507266666662568,
      "maxResponseTime": 25.692099999985658,
      "minResponseTime": 7.377100000041537,
      "p95ResponseTime": 25.692099999985658,
      "p99ResponseTime": 25.692099999985658,
      "successRate": 100,
      "performanceAssessment": {
        "isAcceptable": true,
        "isGood": true,
        "requiresAttention": false
      }
    }
  ]
}