{
  "timestamp": "2025-03-28T07:53:14.208Z",
  "summary": {
    "totalApis": 1,
    "overallAvgResponseTime": 13.137766666666721,
    "overallSuccessRate": 100
  },
  "apiAnalysis": [
    {
      "api": "GET /api/emotions",
      "samples": 3,
      "avgResponseTime": 13.137766666666721,
      "maxResponseTime": 25.507799999999406,
      "minResponseTime": 6.835500000001048,
      "p95ResponseTime": 25.507799999999406,
      "p99ResponseTime": 25.507799999999406,
      "successRate": 100,
      "performanceAssessment": {
        "isAcceptable": true,
        "isGood": true,
        "requiresAttention": false
      }
    }
  ]
}