{
  "timestamp": "2025-03-28T06:55:00.667Z",
  "summary": {
    "totalApis": 1,
    "overallAvgResponseTime": 14.823566666668436,
    "overallSuccessRate": 100
  },
  "apiAnalysis": [
    {
      "api": "GET /api/emotions",
      "samples": 3,
      "avgResponseTime": 14.823566666668436,
      "maxResponseTime": 26.717400000001362,
      "minResponseTime": 7.215600000003178,
      "p95ResponseTime": 26.717400000001362,
      "p99ResponseTime": 26.717400000001362,
      "successRate": 100,
      "performanceAssessment": {
        "isAcceptable": true,
        "isGood": true,
        "requiresAttention": false
      }
    }
  ]
}