{
  "timestamp": "2025-03-26T01:35:59.264Z",
  "summary": {
    "totalApis": 1,
    "overallAvgResponseTime": 7.316133333331284,
    "overallSuccessRate": 100
  },
  "apiAnalysis": [
    {
      "api": "GET /api/emotions",
      "samples": 3,
      "avgResponseTime": 7.316133333331284,
      "maxResponseTime": 7.915300000022398,
      "minResponseTime": 6.394999999989523,
      "p95ResponseTime": 7.915300000022398,
      "p99ResponseTime": 7.915300000022398,
      "successRate": 100,
      "performanceAssessment": {
        "isAcceptable": true,
        "isGood": true,
        "requiresAttention": false
      }
    }
  ]
}