{
  "timestamp": "2025-03-24T07:55:52.271Z",
  "summary": {
    "totalApis": 1,
    "overallAvgResponseTime": 8.23033333333054,
    "overallSuccessRate": 100
  },
  "apiAnalysis": [
    {
      "api": "GET /api/emotions",
      "samples": 3,
      "avgResponseTime": 8.23033333333054,
      "maxResponseTime": 10.349300000001676,
      "minResponseTime": 6.915199999988545,
      "p95ResponseTime": 10.349300000001676,
      "p99ResponseTime": 10.349300000001676,
      "successRate": 100,
      "performanceAssessment": {
        "isAcceptable": true,
        "isGood": true,
        "requiresAttention": false
      }
    }
  ]
}