{
  "timestamp": "2025-03-28T13:12:37.627Z",
  "summary": {
    "totalApis": 1,
    "overallAvgResponseTime": 13.130433333319766,
    "overallSuccessRate": 100
  },
  "apiAnalysis": [
    {
      "api": "GET /api/emotions",
      "samples": 3,
      "avgResponseTime": 13.130433333319766,
      "maxResponseTime": 25.008199999982025,
      "minResponseTime": 7.188899999979185,
      "p95ResponseTime": 25.008199999982025,
      "p99ResponseTime": 25.008199999982025,
      "successRate": 100,
      "performanceAssessment": {
        "isAcceptable": true,
        "isGood": true,
        "requiresAttention": false
      }
    }
  ]
}