{
  "timestamp": "2025-03-31T02:17:47.585Z",
  "summary": {
    "totalApis": 1,
    "overallAvgResponseTime": 13.111766666639596,
    "overallSuccessRate": 100
  },
  "apiAnalysis": [
    {
      "api": "GET /api/emotions",
      "samples": 3,
      "avgResponseTime": 13.111766666639596,
      "maxResponseTime": 21.48519999999553,
      "minResponseTime": 6.812999999965541,
      "p95ResponseTime": 21.48519999999553,
      "p99ResponseTime": 21.48519999999553,
      "successRate": 100,
      "performanceAssessment": {
        "isAcceptable": true,
        "isGood": true,
        "requiresAttention": false
      }
    }
  ]
}