{
  "timestamp": "2025-03-26T01:48:24.356Z",
  "summary": {
    "totalApis": 1,
    "overallAvgResponseTime": 7.390966666668343,
    "overallSuccessRate": 100
  },
  "apiAnalysis": [
    {
      "api": "GET /api/emotions",
      "samples": 3,
      "avgResponseTime": 7.390966666668343,
      "maxResponseTime": 8.30089999991469,
      "minResponseTime": 6.755400000023656,
      "p95ResponseTime": 8.30089999991469,
      "p99ResponseTime": 8.30089999991469,
      "successRate": 100,
      "performanceAssessment": {
        "isAcceptable": true,
        "isGood": true,
        "requiresAttention": false
      }
    }
  ]
}