{
  "timestamp": "2025-06-07T14:30:58.062Z",
  "summary": {
    "totalApis": 1,
    "overallAvgResponseTime": 13.442866666679038,
    "overallSuccessRate": 100
  },
  "apiAnalysis": [
    {
      "api": "GET /api/emotions",
      "samples": 3,
      "avgResponseTime": 13.442866666679038,
      "maxResponseTime": 26.271300000022165,
      "minResponseTime": 6.7471000000077765,
      "p95ResponseTime": 26.271300000022165,
      "p99ResponseTime": 26.271300000022165,
      "successRate": 100,
      "performanceAssessment": {
        "isAcceptable": true,
        "isGood": true,
        "requiresAttention": false
      }
    }
  ]
}