{
  "timestamp": "2025-06-06T15:08:15.276Z",
  "summary": {
    "totalApis": 1,
    "overallAvgResponseTime": 13.632700000006784,
    "overallSuccessRate": 100
  },
  "apiAnalysis": [
    {
      "api": "GET /api/emotions",
      "samples": 3,
      "avgResponseTime": 13.632700000006784,
      "maxResponseTime": 25.130300000018906,
      "minResponseTime": 6.967600000003586,
      "p95ResponseTime": 25.130300000018906,
      "p99ResponseTime": 25.130300000018906,
      "successRate": 100,
      "performanceAssessment": {
        "isAcceptable": true,
        "isGood": true,
        "requiresAttention": false
      }
    }
  ]
}