{
  "timestamp": "2025-03-21T02:57:10.236Z",
  "summary": {
    "totalApis": 1,
    "overallAvgResponseTime": 8.363366666667085,
    "overallSuccessRate": 100
  },
  "apiAnalysis": [
    {
      "api": "GET /api/emotions",
      "samples": 3,
      "avgResponseTime": 8.363366666667085,
      "maxResponseTime": 10.449699999997392,
      "minResponseTime": 7.111000000004424,
      "p95ResponseTime": 10.449699999997392,
      "p99ResponseTime": 10.449699999997392,
      "successRate": 100,
      "performanceAssessment": {
        "isAcceptable": true,
        "isGood": true,
        "requiresAttention": false
      }
    }
  ]
}