{
  "timestamp": "2025-06-04T14:21:58.768Z",
  "summary": {
    "totalApis": 1,
    "overallAvgResponseTime": 13.086100000005294,
    "overallSuccessRate": 100
  },
  "apiAnalysis": [
    {
      "api": "GET /api/emotions",
      "samples": 3,
      "avgResponseTime": 13.086100000005294,
      "maxResponseTime": 24.382099999987986,
      "minResponseTime": 7.03880000000936,
      "p95ResponseTime": 24.382099999987986,
      "p99ResponseTime": 24.382099999987986,
      "successRate": 100,
      "performanceAssessment": {
        "isAcceptable": true,
        "isGood": true,
        "requiresAttention": false
      }
    }
  ]
}