{
  "timestamp": "2025-03-31T02:34:34.205Z",
  "summary": {
    "totalApis": 1,
    "overallAvgResponseTime": 15.585499999986496,
    "overallSuccessRate": 100
  },
  "apiAnalysis": [
    {
      "api": "GET /api/emotions",
      "samples": 3,
      "avgResponseTime": 15.585499999986496,
      "maxResponseTime": 27.867299999983516,
      "minResponseTime": 8.75119999999879,
      "p95ResponseTime": 27.867299999983516,
      "p99ResponseTime": 27.867299999983516,
      "successRate": 100,
      "performanceAssessment": {
        "isAcceptable": true,
        "isGood": true,
        "requiresAttention": false
      }
    }
  ]
}