{
  "timestamp": "2025-03-26T01:26:21.937Z",
  "summary": {
    "totalApis": 1,
    "overallAvgResponseTime": 8.1836333333243,
    "overallSuccessRate": 100
  },
  "apiAnalysis": [
    {
      "api": "GET /api/emotions",
      "samples": 3,
      "avgResponseTime": 8.1836333333243,
      "maxResponseTime": 10.083899999968708,
      "minResponseTime": 7.210699999995995,
      "p95ResponseTime": 10.083899999968708,
      "p99ResponseTime": 10.083899999968708,
      "successRate": 100,
      "performanceAssessment": {
        "isAcceptable": true,
        "isGood": true,
        "requiresAttention": false
      }
    }
  ]
}