{
  "timestamp": "2025-06-06T13:48:41.869Z",
  "summary": {
    "totalApis": 1,
    "overallAvgResponseTime": 13.400333333333643,
    "overallSuccessRate": 100
  },
  "apiAnalysis": [
    {
      "api": "GET /api/emotions",
      "samples": 3,
      "avgResponseTime": 13.400333333333643,
      "maxResponseTime": 24.855400000000373,
      "minResponseTime": 7.263100000011036,
      "p95ResponseTime": 24.855400000000373,
      "p99ResponseTime": 24.855400000000373,
      "successRate": 100,
      "performanceAssessment": {
        "isAcceptable": true,
        "isGood": true,
        "requiresAttention": false
      }
    }
  ]
}