{
  "timestamp": "2025-06-06T14:30:27.131Z",
  "summary": {
    "totalApis": 1,
    "overallAvgResponseTime": 14.461566666665021,
    "overallSuccessRate": 100
  },
  "apiAnalysis": [
    {
      "api": "GET /api/emotions",
      "samples": 3,
      "avgResponseTime": 14.461566666665021,
      "maxResponseTime": 27.848600000026636,
      "minResponseTime": 7.644399999990128,
      "p95ResponseTime": 27.848600000026636,
      "p99ResponseTime": 27.848600000026636,
      "successRate": 100,
      "performanceAssessment": {
        "isAcceptable": true,
        "isGood": true,
        "requiresAttention": false
      }
    }
  ]
}