{
  "timestamp": "2025-06-03T15:37:12.551Z",
  "summary": {
    "totalApis": 1,
    "overallAvgResponseTime": 12.4336333333243,
    "overallSuccessRate": 100
  },
  "apiAnalysis": [
    {
      "api": "GET /api/emotions",
      "samples": 3,
      "avgResponseTime": 12.4336333333243,
      "maxResponseTime": 21.188999999983935,
      "minResponseTime": 6.543399999995017,
      "p95ResponseTime": 21.188999999983935,
      "p99ResponseTime": 21.188999999983935,
      "successRate": 100,
      "performanceAssessment": {
        "isAcceptable": true,
        "isGood": true,
        "requiresAttention": false
      }
    }
  ]
}