{
  "timestamp": "2025-03-24T07:51:10.133Z",
  "summary": {
    "totalApis": 1,
    "overallAvgResponseTime": 8.205033333322111,
    "overallSuccessRate": 100
  },
  "apiAnalysis": [
    {
      "api": "GET /api/emotions",
      "samples": 3,
      "avgResponseTime": 8.205033333322111,
      "maxResponseTime": 9.255599999974947,
      "minResponseTime": 7.046399999991991,
      "p95ResponseTime": 9.255599999974947,
      "p99ResponseTime": 9.255599999974947,
      "successRate": 100,
      "performanceAssessment": {
        "isAcceptable": true,
        "isGood": true,
        "requiresAttention": false
      }
    }
  ]
}