{
  "timestamp": "2025-03-26T13:15:31.038Z",
  "summary": {
    "totalApis": 1,
    "overallAvgResponseTime": 12.93813333332461,
    "overallSuccessRate": 100
  },
  "apiAnalysis": [
    {
      "api": "GET /api/emotions",
      "samples": 3,
      "avgResponseTime": 12.93813333332461,
      "maxResponseTime": 22.110699999990175,
      "minResponseTime": 6.739700000005541,
      "p95ResponseTime": 22.110699999990175,
      "p99ResponseTime": 22.110699999990175,
      "successRate": 100,
      "performanceAssessment": {
        "isAcceptable": true,
        "isGood": true,
        "requiresAttention": false
      }
    }
  ]
}