{
  "timestamp": "2025-03-28T01:08:31.667Z",
  "summary": {
    "totalApis": 1,
    "overallAvgResponseTime": 17.020500000022974,
    "overallSuccessRate": 100
  },
  "apiAnalysis": [
    {
      "api": "GET /api/emotions",
      "samples": 3,
      "avgResponseTime": 17.020500000022974,
      "maxResponseTime": 32.5574000000488,
      "minResponseTime": 7.868000000016764,
      "p95ResponseTime": 32.5574000000488,
      "p99ResponseTime": 32.5574000000488,
      "successRate": 100,
      "performanceAssessment": {
        "isAcceptable": true,
        "isGood": true,
        "requiresAttention": false
      }
    }
  ]
}