{
  "timestamp": "2025-03-25T02:50:54.592Z",
  "summary": {
    "totalApis": 1,
    "overallAvgResponseTime": 7.506633333333109,
    "overallSuccessRate": 100
  },
  "apiAnalysis": [
    {
      "api": "GET /api/emotions",
      "samples": 3,
      "avgResponseTime": 7.506633333333109,
      "maxResponseTime": 8.5112999999983,
      "minResponseTime": 6.89089999999851,
      "p95ResponseTime": 8.5112999999983,
      "p99ResponseTime": 8.5112999999983,
      "successRate": 100,
      "performanceAssessment": {
        "isAcceptable": true,
        "isGood": true,
        "requiresAttention": false
      }
    }
  ]
}