{
  "timestamp": "2025-03-26T12:57:11.191Z",
  "summary": {
    "totalApis": 1,
    "overallAvgResponseTime": 14.192499999994956,
    "overallSuccessRate": 100
  },
  "apiAnalysis": [
    {
      "api": "GET /api/emotions",
      "samples": 3,
      "avgResponseTime": 14.192499999994956,
      "maxResponseTime": 24.81089999998221,
      "minResponseTime": 8.667199999996228,
      "p95ResponseTime": 24.81089999998221,
      "p99ResponseTime": 24.81089999998221,
      "successRate": 100,
      "performanceAssessment": {
        "isAcceptable": true,
        "isGood": true,
        "requiresAttention": false
      }
    }
  ]
}