{
  "timestamp": "2025-06-06T12:24:39.363Z",
  "summary": {
    "totalApis": 1,
    "overallAvgResponseTime": 25.10506666667061,
    "overallSuccessRate": 100
  },
  "apiAnalysis": [
    {
      "api": "GET /api/emotions",
      "samples": 3,
      "avgResponseTime": 25.10506666667061,
      "maxResponseTime": 47.563400000013644,
      "minResponseTime": 13.832200000004377,
      "p95ResponseTime": 47.563400000013644,
      "p99ResponseTime": 47.563400000013644,
      "successRate": 100,
      "performanceAssessment": {
        "isAcceptable": true,
        "isGood": true,
        "requiresAttention": false
      }
    }
  ]
}