{
  "timestamp": "2025-03-25T06:22:34.721Z",
  "summary": {
    "totalApis": 1,
    "overallAvgResponseTime": 8.180833333336826,
    "overallSuccessRate": 100
  },
  "apiAnalysis": [
    {
      "api": "GET /api/emotions",
      "samples": 3,
      "avgResponseTime": 8.180833333336826,
      "maxResponseTime": 9.265400000003865,
      "minResponseTime": 6.787699999986216,
      "p95ResponseTime": 9.265400000003865,
      "p99ResponseTime": 9.265400000003865,
      "successRate": 100,
      "performanceAssessment": {
        "isAcceptable": true,
        "isGood": true,
        "requiresAttention": false
      }
    }
  ]
}