{
  "timestamp": "2025-03-28T12:17:11.930Z",
  "summary": {
    "totalApis": 1,
    "overallAvgResponseTime": 13.136166666663485,
    "overallSuccessRate": 100
  },
  "apiAnalysis": [
    {
      "api": "GET /api/emotions",
      "samples": 3,
      "avgResponseTime": 13.136166666663485,
      "maxResponseTime": 24.278599999990547,
      "minResponseTime": 7.380200000014156,
      "p95ResponseTime": 24.278599999990547,
      "p99ResponseTime": 24.278599999990547,
      "successRate": 100,
      "performanceAssessment": {
        "isAcceptable": true,
        "isGood": true,
        "requiresAttention": false
      }
    }
  ]
}