{
  "timestamp": "2025-03-28T01:08:11.132Z",
  "summary": {
    "totalApis": 1,
    "overallAvgResponseTime": 17.386866666648228,
    "overallSuccessRate": 100
  },
  "apiAnalysis": [
    {
      "api": "GET /api/emotions",
      "samples": 3,
      "avgResponseTime": 17.386866666648228,
      "maxResponseTime": 33.87179999996442,
      "minResponseTime": 7.250299999956042,
      "p95ResponseTime": 33.87179999996442,
      "p99ResponseTime": 33.87179999996442,
      "successRate": 100,
      "performanceAssessment": {
        "isAcceptable": true,
        "isGood": true,
        "requiresAttention": false
      }
    }
  ]
}