{
  "timestamp": "2025-03-29T13:49:10.452Z",
  "summary": {
    "totalApis": 1,
    "overallAvgResponseTime": 13.282866666656142,
    "overallSuccessRate": 100
  },
  "apiAnalysis": [
    {
      "api": "GET /api/emotions",
      "samples": 3,
      "avgResponseTime": 13.282866666656142,
      "maxResponseTime": 24.75539999999455,
      "minResponseTime": 7.07029999999213,
      "p95ResponseTime": 24.75539999999455,
      "p99ResponseTime": 24.75539999999455,
      "successRate": 100,
      "performanceAssessment": {
        "isAcceptable": true,
        "isGood": true,
        "requiresAttention": false
      }
    }
  ]
}