{
  "timestamp": "2025-03-21T13:27:40.028Z",
  "summary": {
    "totalApis": 1,
    "overallAvgResponseTime": 8.091299999980643,
    "overallSuccessRate": 100
  },
  "apiAnalysis": [
    {
      "api": "GET /api/emotions",
      "samples": 3,
      "avgResponseTime": 8.091299999980643,
      "maxResponseTime": 8.532099999982165,
      "minResponseTime": 7.237299999978859,
      "p95ResponseTime": 8.532099999982165,
      "p99ResponseTime": 8.532099999982165,
      "successRate": 100,
      "performanceAssessment": {
        "isAcceptable": true,
        "isGood": true,
        "requiresAttention": false
      }
    }
  ]
}