{
  "timestamp": "2025-06-07T14:41:16.527Z",
  "summary": {
    "totalApis": 1,
    "overallAvgResponseTime": 16.37029999999989,
    "overallSuccessRate": 100
  },
  "apiAnalysis": [
    {
      "api": "GET /api/emotions",
      "samples": 3,
      "avgResponseTime": 16.37029999999989,
      "maxResponseTime": 29.4204000000027,
      "minResponseTime": 7.551199999987148,
      "p95ResponseTime": 29.4204000000027,
      "p99ResponseTime": 29.4204000000027,
      "successRate": 100,
      "performanceAssessment": {
        "isAcceptable": true,
        "isGood": true,
        "requiresAttention": false
      }
    }
  ]
}