{
  "timestamp": "2025-03-21T01:14:05.751Z",
  "summary": {
    "totalApis": 1,
    "overallAvgResponseTime": 8.695833333331393,
    "overallSuccessRate": 100
  },
  "apiAnalysis": [
    {
      "api": "GET /api/emotions",
      "samples": 3,
      "avgResponseTime": 8.695833333331393,
      "maxResponseTime": 10.593199999988428,
      "minResponseTime": 6.395199999999022,
      "p95ResponseTime": 10.593199999988428,
      "p99ResponseTime": 10.593199999988428,
      "successRate": 100,
      "performanceAssessment": {
        "isAcceptable": true,
        "isGood": true,
        "requiresAttention": false
      }
    }
  ]
}