{
  "timestamp": "2025-03-26T14:01:26.992Z",
  "summary": {
    "totalApis": 1,
    "overallAvgResponseTime": 16.700699999996385,
    "overallSuccessRate": 100
  },
  "apiAnalysis": [
    {
      "api": "GET /api/emotions",
      "samples": 3,
      "avgResponseTime": 16.700699999996385,
      "maxResponseTime": 30.053899999998976,
      "minResponseTime": 8.311799999995856,
      "p95ResponseTime": 30.053899999998976,
      "p99ResponseTime": 30.053899999998976,
      "successRate": 100,
      "performanceAssessment": {
        "isAcceptable": true,
        "isGood": true,
        "requiresAttention": false
      }
    }
  ]
}