{
  "timestamp": "2025-06-04T14:42:51.685Z",
  "summary": {
    "totalApis": 1,
    "overallAvgResponseTime": 13.783699999990253,
    "overallSuccessRate": 100
  },
  "apiAnalysis": [
    {
      "api": "GET /api/emotions",
      "samples": 3,
      "avgResponseTime": 13.783699999990253,
      "maxResponseTime": 25.46929999999702,
      "minResponseTime": 6.989199999981793,
      "p95ResponseTime": 25.46929999999702,
      "p99ResponseTime": 25.46929999999702,
      "successRate": 100,
      "performanceAssessment": {
        "isAcceptable": true,
        "isGood": true,
        "requiresAttention": false
      }
    }
  ]
}