{
  "timestamp": "2025-06-03T15:21:49.999Z",
  "summary": {
    "totalApis": 1,
    "overallAvgResponseTime": 14.281466666667257,
    "overallSuccessRate": 100
  },
  "apiAnalysis": [
    {
      "api": "GET /api/emotions",
      "samples": 3,
      "avgResponseTime": 14.281466666667257,
      "maxResponseTime": 25.83849999998347,
      "minResponseTime": 7.561199999996461,
      "p95ResponseTime": 25.83849999998347,
      "p99ResponseTime": 25.83849999998347,
      "successRate": 100,
      "performanceAssessment": {
        "isAcceptable": true,
        "isGood": true,
        "requiresAttention": false
      }
    }
  ]
}