{
  "timestamp": "2025-03-25T02:01:34.785Z",
  "summary": {
    "totalApis": 1,
    "overallAvgResponseTime": 8.227433333406225,
    "overallSuccessRate": 100
  },
  "apiAnalysis": [
    {
      "api": "GET /api/emotions",
      "samples": 3,
      "avgResponseTime": 8.227433333406225,
      "maxResponseTime": 10.968700000084937,
      "minResponseTime": 6.73340000002645,
      "p95ResponseTime": 10.968700000084937,
      "p99ResponseTime": 10.968700000084937,
      "successRate": 100,
      "performanceAssessment": {
        "isAcceptable": true,
        "isGood": true,
        "requiresAttention": false
      }
    }
  ]
}