{
  "timestamp": "2025-03-25T02:11:18.220Z",
  "summary": {
    "totalApis": 1,
    "overallAvgResponseTime": 11.888966666689763,
    "overallSuccessRate": 100
  },
  "apiAnalysis": [
    {
      "api": "GET /api/emotions",
      "samples": 3,
      "avgResponseTime": 11.888966666689763,
      "maxResponseTime": 14.459400000050664,
      "minResponseTime": 10.068699999712408,
      "p95ResponseTime": 14.459400000050664,
      "p99ResponseTime": 14.459400000050664,
      "successRate": 100,
      "performanceAssessment": {
        "isAcceptable": true,
        "isGood": true,
        "requiresAttention": false
      }
    }
  ]
}