{
  "timestamp": "2025-06-13T01:51:00.169Z",
  "summary": {
    "totalApis": 1,
    "overallAvgResponseTime": 9.677466666665472,
    "overallSuccessRate": 100
  },
  "apiAnalysis": [
    {
      "api": "GET /api/emotions",
      "samples": 3,
      "avgResponseTime": 9.677466666665472,
      "maxResponseTime": 13.274600000004284,
      "minResponseTime": 7.635999999998603,
      "p95ResponseTime": 13.274600000004284,
      "p99ResponseTime": 13.274600000004284,
      "successRate": 100,
      "performanceAssessment": {
        "isAcceptable": true,
        "isGood": true,
        "requiresAttention": false
      }
    }
  ]
}