{
  "timestamp": "2025-03-23T12:47:27.385Z",
  "summary": {
    "totalApis": 1,
    "overallAvgResponseTime": 7.746933333333193,
    "overallSuccessRate": 100
  },
  "apiAnalysis": [
    {
      "api": "GET /api/emotions",
      "samples": 3,
      "avgResponseTime": 7.746933333333193,
      "maxResponseTime": 8.562900000018999,
      "minResponseTime": 6.657399999996414,
      "p95ResponseTime": 8.562900000018999,
      "p99ResponseTime": 8.562900000018999,
      "successRate": 100,
      "performanceAssessment": {
        "isAcceptable": true,
        "isGood": true,
        "requiresAttention": false
      }
    }
  ]
}