{
  "timestamp": "2025-03-25T14:26:42.398Z",
  "summary": {
    "totalApis": 1,
    "overallAvgResponseTime": 7.657833333340629,
    "overallSuccessRate": 100
  },
  "apiAnalysis": [
    {
      "api": "GET /api/emotions",
      "samples": 3,
      "avgResponseTime": 7.657833333340629,
      "maxResponseTime": 8.640600000013364,
      "minResponseTime": 6.574900000006892,
      "p95ResponseTime": 8.640600000013364,
      "p99ResponseTime": 8.640600000013364,
      "successRate": 100,
      "performanceAssessment": {
        "isAcceptable": true,
        "isGood": true,
        "requiresAttention": false
      }
    }
  ]
}