{
  "timestamp": "2025-06-06T15:31:53.398Z",
  "summary": {
    "totalApis": 1,
    "overallAvgResponseTime": 14.294366666668793,
    "overallSuccessRate": 100
  },
  "apiAnalysis": [
    {
      "api": "GET /api/emotions",
      "samples": 3,
      "avgResponseTime": 14.294366666668793,
      "maxResponseTime": 26.08069999999134,
      "minResponseTime": 7.291200000006938,
      "p95ResponseTime": 26.08069999999134,
      "p99ResponseTime": 26.08069999999134,
      "successRate": 100,
      "performanceAssessment": {
        "isAcceptable": true,
        "isGood": true,
        "requiresAttention": false
      }
    }
  ]
}