{
  "timestamp": "2025-03-28T14:47:28.584Z",
  "summary": {
    "totalApis": 1,
    "overallAvgResponseTime": 15.402800000001056,
    "overallSuccessRate": 100
  },
  "apiAnalysis": [
    {
      "api": "GET /api/emotions",
      "samples": 3,
      "avgResponseTime": 15.402800000001056,
      "maxResponseTime": 27.665199999988545,
      "minResponseTime": 7.368400000006659,
      "p95ResponseTime": 27.665199999988545,
      "p99ResponseTime": 27.665199999988545,
      "successRate": 100,
      "performanceAssessment": {
        "isAcceptable": true,
        "isGood": true,
        "requiresAttention": false
      }
    }
  ]
}