{
  "timestamp": "2025-03-21T13:55:54.446Z",
  "summary": {
    "totalApis": 1,
    "overallAvgResponseTime": 7.719599999991867,
    "overallSuccessRate": 100
  },
  "apiAnalysis": [
    {
      "api": "GET /api/emotions",
      "samples": 3,
      "avgResponseTime": 7.719599999991867,
      "maxResponseTime": 8.843800000002375,
      "minResponseTime": 6.426199999987148,
      "p95ResponseTime": 8.843800000002375,
      "p99ResponseTime": 8.843800000002375,
      "successRate": 100,
      "performanceAssessment": {
        "isAcceptable": true,
        "isGood": true,
        "requiresAttention": false
      }
    }
  ]
}