{
  "timestamp": "2025-03-27T04:49:14.343Z",
  "summary": {
    "totalApis": 1,
    "overallAvgResponseTime": 12.839999999967404,
    "overallSuccessRate": 100
  },
  "apiAnalysis": [
    {
      "api": "GET /api/emotions",
      "samples": 3,
      "avgResponseTime": 12.839999999967404,
      "maxResponseTime": 21.496799999964423,
      "minResponseTime": 6.796499999938533,
      "p95ResponseTime": 21.496799999964423,
      "p99ResponseTime": 21.496799999964423,
      "successRate": 100,
      "performanceAssessment": {
        "isAcceptable": true,
        "isGood": true,
        "requiresAttention": false
      }
    }
  ]
}