{
  "timestamp": "2025-03-28T05:28:52.918Z",
  "summary": {
    "totalApis": 1,
    "overallAvgResponseTime": 13.17139999999199,
    "overallSuccessRate": 100
  },
  "apiAnalysis": [
    {
      "api": "GET /api/emotions",
      "samples": 3,
      "avgResponseTime": 13.17139999999199,
      "maxResponseTime": 25.460399999981746,
      "minResponseTime": 6.808099999994738,
      "p95ResponseTime": 25.460399999981746,
      "p99ResponseTime": 25.460399999981746,
      "successRate": 100,
      "performanceAssessment": {
        "isAcceptable": true,
        "isGood": true,
        "requiresAttention": false
      }
    }
  ]
}