{
  "timestamp": "2025-06-06T14:59:56.918Z",
  "summary": {
    "totalApis": 1,
    "overallAvgResponseTime": 13.555866666662041,
    "overallSuccessRate": 100
  },
  "apiAnalysis": [
    {
      "api": "GET /api/emotions",
      "samples": 3,
      "avgResponseTime": 13.555866666662041,
      "maxResponseTime": 24.180899999977555,
      "minResponseTime": 6.988899999996647,
      "p95ResponseTime": 24.180899999977555,
      "p99ResponseTime": 24.180899999977555,
      "successRate": 100,
      "performanceAssessment": {
        "isAcceptable": true,
        "isGood": true,
        "requiresAttention": false
      }
    }
  ]
}