{
  "timestamp": "2025-06-10T07:48:59.435Z",
  "summary": {
    "totalApis": 1,
    "overallAvgResponseTime": 8.513966666670362,
    "overallSuccessRate": 100
  },
  "apiAnalysis": [
    {
      "api": "GET /api/emotions",
      "samples": 3,
      "avgResponseTime": 8.513966666670362,
      "maxResponseTime": 9.940799999982119,
      "minResponseTime": 7.078600000008009,
      "p95ResponseTime": 9.940799999982119,
      "p99ResponseTime": 9.940799999982119,
      "successRate": 100,
      "performanceAssessment": {
        "isAcceptable": true,
        "isGood": true,
        "requiresAttention": false
      }
    }
  ]
}