{
  "timestamp": "2025-06-08T13:42:11.258Z",
  "summary": {
    "totalApis": 1,
    "overallAvgResponseTime": 13.215100000001257,
    "overallSuccessRate": 100
  },
  "apiAnalysis": [
    {
      "api": "GET /api/emotions",
      "samples": 3,
      "avgResponseTime": 13.215100000001257,
      "maxResponseTime": 23.962400000018533,
      "minResponseTime": 6.731599999999162,
      "p95ResponseTime": 23.962400000018533,
      "p99ResponseTime": 23.962400000018533,
      "successRate": 100,
      "performanceAssessment": {
        "isAcceptable": true,
        "isGood": true,
        "requiresAttention": false
      }
    }
  ]
}