{
  "timestamp": "2025-03-26T13:18:19.993Z",
  "summary": {
    "totalApis": 1,
    "overallAvgResponseTime": 13.988233333375925,
    "overallSuccessRate": 100
  },
  "apiAnalysis": [
    {
      "api": "GET /api/emotions",
      "samples": 3,
      "avgResponseTime": 13.988233333375925,
      "maxResponseTime": 26.415299999993294,
      "minResponseTime": 7.7722000000067055,
      "p95ResponseTime": 26.415299999993294,
      "p99ResponseTime": 26.415299999993294,
      "successRate": 100,
      "performanceAssessment": {
        "isAcceptable": true,
        "isGood": true,
        "requiresAttention": false
      }
    }
  ]
}