{
  "timestamp": "2025-06-12T02:27:31.809Z",
  "summary": {
    "totalApis": 1,
    "overallAvgResponseTime": 8.801100000001801,
    "overallSuccessRate": 100
  },
  "apiAnalysis": [
    {
      "api": "GET /api/emotions",
      "samples": 3,
      "avgResponseTime": 8.801100000001801,
      "maxResponseTime": 11.398199999995995,
      "minResponseTime": 7.2863000000070315,
      "p95ResponseTime": 11.398199999995995,
      "p99ResponseTime": 11.398199999995995,
      "successRate": 100,
      "performanceAssessment": {
        "isAcceptable": true,
        "isGood": true,
        "requiresAttention": false
      }
    }
  ]
}