{
  "timestamp": "2025-03-26T08:02:26.967Z",
  "summary": {
    "totalApis": 1,
    "overallAvgResponseTime": 14.665599999997843,
    "overallSuccessRate": 100
  },
  "apiAnalysis": [
    {
      "api": "GET /api/emotions",
      "samples": 3,
      "avgResponseTime": 14.665599999997843,
      "maxResponseTime": 27.06720000001951,
      "minResponseTime": 7.833999999973457,
      "p95ResponseTime": 27.06720000001951,
      "p99ResponseTime": 27.06720000001951,
      "successRate": 100,
      "performanceAssessment": {
        "isAcceptable": true,
        "isGood": true,
        "requiresAttention": false
      }
    }
  ]
}