{
  "timestamp": "2025-03-20T11:54:42.916Z",
  "summary": {
    "totalApis": 1,
    "overallAvgResponseTime": 7.162233333326488,
    "overallSuccessRate": 100
  },
  "apiAnalysis": [
    {
      "api": "GET /api/emotions",
      "samples": 3,
      "avgResponseTime": 7.162233333326488,
      "maxResponseTime": 7.662500000005821,
      "minResponseTime": 6.441899999976158,
      "p95ResponseTime": 7.662500000005821,
      "p99ResponseTime": 7.662500000005821,
      "successRate": 100,
      "performanceAssessment": {
        "isAcceptable": true,
        "isGood": true,
        "requiresAttention": false
      }
    }
  ]
}