{
  "timestamp": "2025-03-28T12:36:23.318Z",
  "summary": {
    "totalApis": 1,
    "overallAvgResponseTime": 13.146399999997811,
    "overallSuccessRate": 100
  },
  "apiAnalysis": [
    {
      "api": "GET /api/emotions",
      "samples": 3,
      "avgResponseTime": 13.146399999997811,
      "maxResponseTime": 21.712899999984074,
      "minResponseTime": 7.535100000008242,
      "p95ResponseTime": 21.712899999984074,
      "p99ResponseTime": 21.712899999984074,
      "successRate": 100,
      "performanceAssessment": {
        "isAcceptable": true,
        "isGood": true,
        "requiresAttention": false
      }
    }
  ]
}