{
  "timestamp": "2025-06-08T09:19:23.391Z",
  "summary": {
    "totalApis": 1,
    "overallAvgResponseTime": 14.301266666666683,
    "overallSuccessRate": 100
  },
  "apiAnalysis": [
    {
      "api": "GET /api/emotions",
      "samples": 3,
      "avgResponseTime": 14.301266666666683,
      "maxResponseTime": 27.043699999980163,
      "minResponseTime": 7.120100000000093,
      "p95ResponseTime": 27.043699999980163,
      "p99ResponseTime": 27.043699999980163,
      "successRate": 100,
      "performanceAssessment": {
        "isAcceptable": true,
        "isGood": true,
        "requiresAttention": false
      }
    }
  ]
}