{
  "timestamp": "2025-06-08T09:44:36.537Z",
  "summary": {
    "totalApis": 1,
    "overallAvgResponseTime": 13.153633333325464,
    "overallSuccessRate": 100
  },
  "apiAnalysis": [
    {
      "api": "GET /api/emotions",
      "samples": 3,
      "avgResponseTime": 13.153633333325464,
      "maxResponseTime": 23.587100000004284,
      "minResponseTime": 7.030499999993481,
      "p95ResponseTime": 23.587100000004284,
      "p99ResponseTime": 23.587100000004284,
      "successRate": 100,
      "performanceAssessment": {
        "isAcceptable": true,
        "isGood": true,
        "requiresAttention": false
      }
    }
  ]
}