{
  "timestamp": "2025-06-04T13:52:15.843Z",
  "summary": {
    "totalApis": 1,
    "overallAvgResponseTime": 13.19650000000062,
    "overallSuccessRate": 100
  },
  "apiAnalysis": [
    {
      "api": "GET /api/emotions",
      "samples": 3,
      "avgResponseTime": 13.19650000000062,
      "maxResponseTime": 24.40679999999702,
      "minResponseTime": 6.816599999991013,
      "p95ResponseTime": 24.40679999999702,
      "p99ResponseTime": 24.40679999999702,
      "successRate": 100,
      "performanceAssessment": {
        "isAcceptable": true,
        "isGood": true,
        "requiresAttention": false
      }
    }
  ]
}