{
  "timestamp": "2025-06-06T12:17:04.794Z",
  "summary": {
    "totalApis": 1,
    "overallAvgResponseTime": 24.36313333331297,
    "overallSuccessRate": 0
  },
  "apiAnalysis": [
    {
      "api": "GET /api/emotions",
      "samples": 3,
      "avgResponseTime": 24.36313333331297,
      "maxResponseTime": 36.56080000009388,
      "minResponseTime": 16.444199999794364,
      "p95ResponseTime": 36.56080000009388,
      "p99ResponseTime": 36.56080000009388,
      "successRate": 0,
      "performanceAssessment": {
        "isAcceptable": true,
        "isGood": true,
        "requiresAttention": false
      }
    }
  ]
}