{
  "timestamp": "2025-06-07T14:36:37.217Z",
  "summary": {
    "totalApis": 1,
    "overallAvgResponseTime": 14.546099999997145,
    "overallSuccessRate": 100
  },
  "apiAnalysis": [
    {
      "api": "GET /api/emotions",
      "samples": 3,
      "avgResponseTime": 14.546099999997145,
      "maxResponseTime": 27.130199999985052,
      "minResponseTime": 7.05449999999837,
      "p95ResponseTime": 27.130199999985052,
      "p99ResponseTime": 27.130199999985052,
      "successRate": 100,
      "performanceAssessment": {
        "isAcceptable": true,
        "isGood": true,
        "requiresAttention": false
      }
    }
  ]
}