{
  "timestamp": "2025-05-18T12:29:09.609Z",
  "summary": {
    "totalApis": 1,
    "overallAvgResponseTime": 12.573299999998804,
    "overallSuccessRate": 100
  },
  "apiAnalysis": [
    {
      "api": "GET /api/emotions",
      "samples": 3,
      "avgResponseTime": 12.573299999998804,
      "maxResponseTime": 23.86160000000382,
      "minResponseTime": 6.913000000000466,
      "p95ResponseTime": 23.86160000000382,
      "p99ResponseTime": 23.86160000000382,
      "successRate": 100,
      "performanceAssessment": {
        "isAcceptable": true,
        "isGood": true,
        "requiresAttention": false
      }
    }
  ]
}