{
  "timestamp": "2025-06-06T15:41:12.987Z",
  "summary": {
    "totalApis": 1,
    "overallAvgResponseTime": 13.279266666659774,
    "overallSuccessRate": 100
  },
  "apiAnalysis": [
    {
      "api": "GET /api/emotions",
      "samples": 3,
      "avgResponseTime": 13.279266666659774,
      "maxResponseTime": 22.885499999974854,
      "minResponseTime": 7.227000000013504,
      "p95ResponseTime": 22.885499999974854,
      "p99ResponseTime": 22.885499999974854,
      "successRate": 100,
      "performanceAssessment": {
        "isAcceptable": true,
        "isGood": true,
        "requiresAttention": false
      }
    }
  ]
}