{
  "timestamp": "2025-06-08T13:31:58.536Z",
  "summary": {
    "totalApis": 1,
    "overallAvgResponseTime": 28.266366666687343,
    "overallSuccessRate": 100
  },
  "apiAnalysis": [
    {
      "api": "GET /api/emotions",
      "samples": 3,
      "avgResponseTime": 28.266366666687343,
      "maxResponseTime": 46.25260000000708,
      "minResponseTime": 8.481000000028871,
      "p95ResponseTime": 46.25260000000708,
      "p99ResponseTime": 46.25260000000708,
      "successRate": 100,
      "performanceAssessment": {
        "isAcceptable": true,
        "isGood": true,
        "requiresAttention": false
      }
    }
  ]
}