{
  "timestamp": "2025-03-23T13:03:27.622Z",
  "summary": {
    "totalApis": 1,
    "overallAvgResponseTime": 9.726400000043213,
    "overallSuccessRate": 100
  },
  "apiAnalysis": [
    {
      "api": "GET /api/emotions",
      "samples": 3,
      "avgResponseTime": 9.726400000043213,
      "maxResponseTime": 12.49930000025779,
      "minResponseTime": 8.113299999851733,
      "p95ResponseTime": 12.49930000025779,
      "p99ResponseTime": 12.49930000025779,
      "successRate": 100,
      "performanceAssessment": {
        "isAcceptable": true,
        "isGood": true,
        "requiresAttention": false
      }
    }
  ]
}