{
  "timestamp": "2025-06-12T12:44:44.054Z",
  "summary": {
    "totalApis": 1,
    "overallAvgResponseTime": 9.025199999993978,
    "overallSuccessRate": 100
  },
  "apiAnalysis": [
    {
      "api": "GET /api/emotions",
      "samples": 3,
      "avgResponseTime": 9.025199999993978,
      "maxResponseTime": 10.704700000002049,
      "minResponseTime": 7.6974000000045635,
      "p95ResponseTime": 10.704700000002049,
      "p99ResponseTime": 10.704700000002049,
      "successRate": 100,
      "performanceAssessment": {
        "isAcceptable": true,
        "isGood": true,
        "requiresAttention": false
      }
    }
  ]
}