{
  "timestamp": "2025-06-12T13:20:40.694Z",
  "summary": {
    "totalApis": 1,
    "overallAvgResponseTime": 10.365666666659914,
    "overallSuccessRate": 100
  },
  "apiAnalysis": [
    {
      "api": "GET /api/emotions",
      "samples": 3,
      "avgResponseTime": 10.365666666659914,
      "maxResponseTime": 10.985899999999674,
      "minResponseTime": 9.897299999982351,
      "p95ResponseTime": 10.985899999999674,
      "p99ResponseTime": 10.985899999999674,
      "successRate": 100,
      "performanceAssessment": {
        "isAcceptable": true,
        "isGood": true,
        "requiresAttention": false
      }
    }
  ]
}