{
  "timestamp": "2025-06-12T02:17:49.849Z",
  "summary": {
    "totalApis": 1,
    "overallAvgResponseTime": 8.194633333332604,
    "overallSuccessRate": 100
  },
  "apiAnalysis": [
    {
      "api": "GET /api/emotions",
      "samples": 3,
      "avgResponseTime": 8.194633333332604,
      "maxResponseTime": 11.07259999998496,
      "minResponseTime": 6.471199999999953,
      "p95ResponseTime": 11.07259999998496,
      "p99ResponseTime": 11.07259999998496,
      "successRate": 100,
      "performanceAssessment": {
        "isAcceptable": true,
        "isGood": true,
        "requiresAttention": false
      }
    }
  ]
}