{
  "timestamp": "2025-06-10T07:04:43.678Z",
  "summary": {
    "totalApis": 1,
    "overallAvgResponseTime": 8.57039999999688,
    "overallSuccessRate": 100
  },
  "apiAnalysis": [
    {
      "api": "GET /api/emotions",
      "samples": 3,
      "avgResponseTime": 8.57039999999688,
      "maxResponseTime": 11.481599999999162,
      "minResponseTime": 7.033100000000559,
      "p95ResponseTime": 11.481599999999162,
      "p99ResponseTime": 11.481599999999162,
      "successRate": 100,
      "performanceAssessment": {
        "isAcceptable": true,
        "isGood": true,
        "requiresAttention": false
      }
    }
  ]
}