{
  "timestamp": "2025-03-24T08:22:17.025Z",
  "summary": {
    "totalApis": 1,
    "overallAvgResponseTime": 8.308766666663965,
    "overallSuccessRate": 100
  },
  "apiAnalysis": [
    {
      "api": "GET /api/emotions",
      "samples": 3,
      "avgResponseTime": 8.308766666663965,
      "maxResponseTime": 8.879400000005262,
      "minResponseTime": 7.792199999996228,
      "p95ResponseTime": 8.879400000005262,
      "p99ResponseTime": 8.879400000005262,
      "successRate": 100,
      "performanceAssessment": {
        "isAcceptable": true,
        "isGood": true,
        "requiresAttention": false
      }
    }
  ]
}