{
  "timestamp": "2025-06-03T15:27:44.267Z",
  "summary": {
    "totalApis": 1,
    "overallAvgResponseTime": 12.949499999997593,
    "overallSuccessRate": 100
  },
  "apiAnalysis": [
    {
      "api": "GET /api/emotions",
      "samples": 3,
      "avgResponseTime": 12.949499999997593,
      "maxResponseTime": 25.406199999997625,
      "minResponseTime": 6.518100000015693,
      "p95ResponseTime": 25.406199999997625,
      "p99ResponseTime": 25.406199999997625,
      "successRate": 100,
      "performanceAssessment": {
        "isAcceptable": true,
        "isGood": true,
        "requiresAttention": false
      }
    }
  ]
}