{
  "timestamp": "2025-03-25T08:29:56.247Z",
  "summary": {
    "totalApis": 1,
    "overallAvgResponseTime": 7.955733333331106,
    "overallSuccessRate": 100
  },
  "apiAnalysis": [
    {
      "api": "GET /api/emotions",
      "samples": 3,
      "avgResponseTime": 7.955733333331106,
      "maxResponseTime": 8.548899999994319,
      "minResponseTime": 7.00779999999213,
      "p95ResponseTime": 8.548899999994319,
      "p99ResponseTime": 8.548899999994319,
      "successRate": 100,
      "performanceAssessment": {
        "isAcceptable": true,
        "isGood": true,
        "requiresAttention": false
      }
    }
  ]
}