{
  "timestamp": "2025-03-29T07:26:39.083Z",
  "summary": {
    "totalApis": 1,
    "overallAvgResponseTime": 13.50903333335494,
    "overallSuccessRate": 100
  },
  "apiAnalysis": [
    {
      "api": "GET /api/emotions",
      "samples": 3,
      "avgResponseTime": 13.50903333335494,
      "maxResponseTime": 26.135199999902397,
      "minResponseTime": 7.1928000000771135,
      "p95ResponseTime": 26.135199999902397,
      "p99ResponseTime": 26.135199999902397,
      "successRate": 100,
      "performanceAssessment": {
        "isAcceptable": true,
        "isGood": true,
        "requiresAttention": false
      }
    }
  ]
}