{
  "timestamp": "2025-06-12T13:34:47.026Z",
  "summary": {
    "totalApis": 1,
    "overallAvgResponseTime": 10.33206666666471,
    "overallSuccessRate": 100
  },
  "apiAnalysis": [
    {
      "api": "GET /api/emotions",
      "samples": 3,
      "avgResponseTime": 10.33206666666471,
      "maxResponseTime": 12.386999999987893,
      "minResponseTime": 9.151299999997718,
      "p95ResponseTime": 12.386999999987893,
      "p99ResponseTime": 12.386999999987893,
      "successRate": 100,
      "performanceAssessment": {
        "isAcceptable": true,
        "isGood": true,
        "requiresAttention": false
      }
    }
  ]
}