{
  "timestamp": "2025-03-27T05:02:49.822Z",
  "summary": {
    "totalApis": 1,
    "overallAvgResponseTime": 13.565433333317438,
    "overallSuccessRate": 100
  },
  "apiAnalysis": [
    {
      "api": "GET /api/emotions",
      "samples": 3,
      "avgResponseTime": 13.565433333317438,
      "maxResponseTime": 26.435199999948964,
      "minResponseTime": 7.0605999999679625,
      "p95ResponseTime": 26.435199999948964,
      "p99ResponseTime": 26.435199999948964,
      "successRate": 100,
      "performanceAssessment": {
        "isAcceptable": true,
        "isGood": true,
        "requiresAttention": false
      }
    }
  ]
}