{
  "timestamp": "2025-03-31T02:32:44.503Z",
  "summary": {
    "totalApis": 1,
    "overallAvgResponseTime": 14.116099999984726,
    "overallSuccessRate": 100
  },
  "apiAnalysis": [
    {
      "api": "GET /api/emotions",
      "samples": 3,
      "avgResponseTime": 14.116099999984726,
      "maxResponseTime": 28.623799999943003,
      "minResponseTime": 6.596600000048056,
      "p95ResponseTime": 28.623799999943003,
      "p99ResponseTime": 28.623799999943003,
      "successRate": 100,
      "performanceAssessment": {
        "isAcceptable": true,
        "isGood": true,
        "requiresAttention": false
      }
    }
  ]
}