{
  "timestamp": "2025-06-12T13:01:17.237Z",
  "summary": {
    "totalApis": 1,
    "overallAvgResponseTime": 8.181433333336221,
    "overallSuccessRate": 100
  },
  "apiAnalysis": [
    {
      "api": "GET /api/emotions",
      "samples": 3,
      "avgResponseTime": 8.181433333336221,
      "maxResponseTime": 8.870199999975739,
      "minResponseTime": 7.328800000017509,
      "p95ResponseTime": 8.870199999975739,
      "p99ResponseTime": 8.870199999975739,
      "successRate": 100,
      "performanceAssessment": {
        "isAcceptable": true,
        "isGood": true,
        "requiresAttention": false
      }
    }
  ]
}