{
  "timestamp": "2025-03-20T10:34:43.111Z",
  "summary": {
    "totalApis": 1,
    "overallAvgResponseTime": 9.249833333306015,
    "overallSuccessRate": 100
  },
  "apiAnalysis": [
    {
      "api": "GET /api/emotions",
      "samples": 3,
      "avgResponseTime": 9.249833333306015,
      "maxResponseTime": 12.184000000008382,
      "minResponseTime": 7.150799999944866,
      "p95ResponseTime": 12.184000000008382,
      "p99ResponseTime": 12.184000000008382,
      "successRate": 100,
      "performanceAssessment": {
        "isAcceptable": true,
        "isGood": true,
        "requiresAttention": false
      }
    }
  ]
}